county,population
"Autauga,AL",59759
"Baldwin,AL",246435
"Barbour,AL",24706
"Bibb,AL",22005
"Blount,AL",59512
"Bullock,AL",10202
"Butler,AL",18650
"Calhoun,AL",115788
"Chambers,AL",34088
"Cherokee,AL",25302
"Chilton,AL",45884
"Choctaw,AL",12439
"Clarke,AL",22515
"Clay,AL",14198
"Cleburne,AL",15346
"Coffee,AL",54805
"Colbert,AL",58033
"Conecuh,AL",11206
"Coosa,AL",10166
"Covington,AL",37602
"Crenshaw,AL",13025
"Cullman,AL",90665
"Dale,AL",49544
"Dallas,AL",36767
"DeKalb,AL",71998
"Elmore,AL",89563
"Escambia,AL",36666
"Etowah,AL",103088
"Fayette,AL",16118
"Franklin,AL",31932
"Geneva,AL",26783
"Greene,AL",7422
"Hale,AL",14595
"Henry,AL",17655
"Houston,AL",108079
"Jackson,AL",52891
"Jefferson,AL",665409
"Lamar,AL",13705
"Lauderdale,AL",95878
"Lawrence,AL",33214
"Lee,AL",180773
"Limestone,AL",110900
"Lowndes,AL",9777
"Macon,AL",18516
"Madison,AL",403565
"Marengo,AL",18745
"Marion,AL",29156
"Marshall,AL",99423
"Mobile,AL",411411
"Monroe,AL",19404
"Montgomery,AL",226361
"Morgan,AL",124211
"Perry,AL",8035
"Pickens,AL",18697
"Pike,AL",33014
"Randolph,AL",22479
"Russell,AL",58555
"St Clair,AL",93932
"Shelby,AL",230115
"Sumter,AL",11853
"Talladega,AL",80704
"Tallapoosa,AL",40977
"Tuscaloosa,AL",236780
"Walker,AL",64339
"Washington,AL",15122
"Wilcox,AL",10059
"Winston,AL",23755
"Aleutians East Borough,AK",3398
"Aleutians West Census Area,AK",5122
"Anchorage Municipality,AK",287145
"Bethel Census Area,AK",18257
"Bristol Bay Borough,AK",865
"Chugach Census Area,AK",6874
"Copper River Census Area,AK",2589
"Denali Borough,AK",1585
"Dillingham Census Area,AK",4723
"Fairbanks North Star Borough,AK",95356
"Haines Borough,AK",2056
"Hoonah-Angoon Census Area,AK",2287
"Juneau City and Borough,AK",31685
"Kenai Peninsula Borough,AK",60690
"Ketchikan Gateway Borough,AK",13741
"Kodiak Island Borough,AK",12720
"Kusilvak Census Area,AK",8278
"Lake and Peninsula Borough,AK",1381
"Matanuska-Susitna Borough,AK",113325
"Nome Census Area,AK",9835
"North Slope Borough,AK",10805
"Northwest Arctic Borough,AK",7423
"Petersburg Borough,AK",3360
"Prince of Wales-Hyder Census Area,AK",5650
"Sitka City and Borough,AK",8382
"Skagway Municipality,AK",1081
"Southeast Fairbanks Census Area,AK",7021
"Wrangell City and Borough,AK",2070
"Yakutat City and Borough,AK",700
"Yukon-Koyukuk Census Area,AK",5179
"Apache,AZ",65432
"Cochise,AZ",125663
"Coconino,AZ",144060
"Gila,AZ",53922
"Graham,AZ",38779
"Greenlee,AZ",9302
"La Paz,AZ",16506
"Maricopa,AZ",4551524
"Mohave,AZ",220816
"Navajo,AZ",108650
"Pima,AZ",1057597
"Pinal,AZ",464154
"Santa Cruz,AZ",48759
"Yavapai,AZ",246191
"Yuma,AZ",207842
"Arkansas,AR",16512
"Ashley,AR",18354
"Baxter,AR",42435
"Benton,AR",302863
"Boone,AR",38284
"Bradley,AR",10135
"Calhoun,AR",4695
"Carroll,AR",28742
"Chicot,AR",9873
"Clark,AR",21250
"Clay,AR",14265
"Cleburne,AR",25284
"Cleveland,AR",7467
"Columbia,AR",22216
"Conway,AR",21046
"Craighead,AR",113017
"Crawford,AR",61075
"Crittenden,AR",47061
"Cross,AR",16601
"Dallas,AR",6191
"Desha,AR",10771
"Drew,AR",16911
"Faulkner,AR",127665
"Franklin,AR",17271
"Fulton,AR",12382
"Garland,AR",100089
"Grant,AR",18160
"Greene,AR",46448
"Hempstead,AR",19453
"Hot Spring,AR",33203
"Howard,AR",12557
"Independence,AR",37945
"Izard,AR",14048
"Jackson,AR",16624
"Jefferson,AR",64246
"Johnson,AR",26001
"Lafayette,AR",6101
"Lawrence,AR",16205
"Lee,AR",8364
"Lincoln,AR",12916
"Little River,AR",11821
"Logan,AR",21253
"Lonoke,AR",75225
"Madison,AR",17486
"Marion,AR",17254
"Miller,AR",42552
"Mississippi,AR",38896
"Monroe,AR",6564
"Montgomery,AR",8556
"Nevada,AR",8181
"Newton,AR",7078
"Ouachita,AR",22049
"Perry,AR",10063
"Phillips,AR",15304
"Pike,AR",10179
"Poinsett,AR",22495
"Polk,AR",19337
"Pope,AR",64065
"Prairie,AR",8069
"Pulaski,AR",399145
"Randolph,AR",18837
"St Francis,AR",22451
"Saline,AR",127357
"Scott,AR",9805
"Searcy,AR",7918
"Sebastian,AR",129059
"Sevier,AR",15686
"Sharp,AR",17810
"Stone,AR",12575
"Union,AR",37752
"Van Buren,AR",16102
"Washington,AR",256054
"White,AR",77755
"Woodruff,AR",6049
"Yell,AR",20129
"Alameda,CA",1628997
"Alpine,CA",1190
"Amador,CA",41412
"Butte,CA",207303
"Calaveras,CA",46563
"Colusa,CA",21914
"Contra Costa,CA",1156966
"Del Norte,CA",27082
"El Dorado,CA",192646
"Fresno,CA",1015190
"Glenn,CA",28339
"Humboldt,CA",135010
"Imperial,CA",178713
"Inyo,CA",18718
"Kern,CA",916108
"Kings,CA",152981
"Lake,CA",68191
"Lassen,CA",29904
"Los Angeles,CA",9721138
"Madera,CA",160256
"Marin,CA",256018
"Mariposa,CA",17020
"Mendocino,CA",89783
"Merced,CA",290014
"Modoc,CA",8511
"Mono,CA",12978
"Monterey,CA",432858
"Napa,CA",134300
"Nevada,CA",102293
"Orange,CA",3151184
"Placer,CA",417772
"Plumas,CA",19351
"Riverside,CA",2473902
"Sacramento,CA",1584169
"San Benito,CA",67579
"San Bernardino,CA",2193656
"San Diego,CA",3276208
"San Francisco,CA",808437
"San Joaquin,CA",793229
"San Luis Obispo,CA",282013
"San Mateo,CA",729181
"Santa Barbara,CA",443837
"Santa Clara,CA",1870945
"Santa Cruz,CA",264370
"Shasta,CA",180930
"Sierra,CA",3217
"Siskiyou,CA",43660
"Solano,CA",448747
"Sonoma,CA",482650
"Stanislaus,CA",551275
"Sutter,CA",98503
"Tehama,CA",65245
"Trinity,CA",15781
"Tulare,CA",477544
"Tuolumne,CA",54531
"Ventura,CA",832605
"Yolo,CA",222115
"Yuba,CA",84310
"Adams,CO",527575
"Alamosa,CO",16592
"Arapahoe,CO",655808
"Archuleta,CO",14003
"Baca,CO",3432
"Bent,CO",5399
"Boulder,CO",327468
"Broomfield,CO",76121
"Chaffee,CO",20223
"Cheyenne,CO",1732
"Clear Creek,CO",9355
"Conejos,CO",7579
"Costilla,CO",3603
"Crowley,CO",5614
"Custer,CO",5335
"Delta,CO",31602
"Denver,CO",713252
"Dolores,CO",2455
"Douglas,CO",375988
"Eagle,CO",55285
"Elbert,CO",27799
"El Paso,CO",740567
"Fremont,CO",49621
"Garfield,CO",62271
"Gilpin,CO",5891
"Grand,CO",15769
"Gunnison,CO",17267
"Hinsdale,CO",775
"Huerfano,CO",7082
"Jackson,CO",1302
"Jefferson,CO",576143
"Kiowa,CO",1424
"Kit Carson,CO",6961
"Lake,CO",7327
"La Plata,CO",56607
"Larimer,CO",366778
"Las Animas,CO",14327
"Lincoln,CO",5510
"Logan,CO",20823
"Mesa,CO",158636
"Mineral,CO",931
"Moffat,CO",13177
"Montezuma,CO",26468
"Montrose,CO",43811
"Morgan,CO",29239
"Otero,CO",18303
"Ouray,CO",5100
"Park,CO",17939
"Phillips,CO",4449
"Pitkin,CO",16876
"Prowers,CO",11854
"Pueblo,CO",169544
"Rio Blanco,CO",6569
"Rio Grande,CO",11325
"Routt,CO",25007
"Saguache,CO",6623
"San Juan,CO",803
"San Miguel,CO",8003
"Sedgwick,CO",2295
"Summit,CO",30565
"Teller,CO",24857
"Washington,CO",4812
"Weld,CO",350176
"Yuma,CO",9899
"Capitol Planning Region,CT",981447
"Greater Bridgeport Planning Region,CT",327286
"Lower Connecticut River Valley Planning Region,CT",176622
"Naugatuck Valley Planning Region,CT",454083
"Northeastern Connecticut Planning Region,CT",96196
"Northwest Hills Planning Region,CT",113234
"South Central Connecticut Planning Region,CT",573244
"Southeastern Connecticut Planning Region,CT",280403
"Western Connecticut Planning Region,CT",623690
"Kent,DE",186946
"New Castle,DE",575494
"Sussex,DE",255956
"District of Columbia,DC",671803
"Alachua,FL",284030
"Baker,FL",27803
"Bay,FL",185134
"Bradford,FL",27313
"Brevard,FL",630693
"Broward,FL",1947026
"Calhoun,FL",13464
"Charlotte,FL",202661
"Citrus,FL",162529
"Clay,FL",226589
"Collier,FL",397994
"Columbia,FL",71908
"DeSoto,FL",35312
"Dixie,FL",17124
"Duval,FL",1016536
"Escambia,FL",324878
"Flagler,FL",126705
"Franklin,FL",12498
"Gadsden,FL",43403
"Gilchrist,FL",18992
"Glades,FL",12454
"Gulf,FL",15314
"Hamilton,FL",13217
"Hardee,FL",25645
"Hendry,FL",41339
"Hernando,FL",206896
"Highlands,FL",105618
"Hillsborough,FL",1513301
"Holmes,FL",19651
"Indian River,FL",167352
"Jackson,FL",48211
"Jefferson,FL",15042
"Lafayette,FL",7786
"Lake,FL",410139
"Lee,FL",822453
"Leon,FL",297369
"Levy,FL",45260
"Liberty,FL",7603
"Madison,FL",18198
"Manatee,FL",429125
"Marion,FL",396415
"Martin,FL",162006
"Miami-Dade,FL",2673837
"Monroe,FL",81708
"Nassau,FL",97899
"Okaloosa,FL",216482
"Okeechobee,FL",40412
"Orange,FL",1452726
"Osceola,FL",422545
"Palm Beach,FL",1518477
"Pasco,FL",608794
"Pinellas,FL",961739
"Polk,FL",787404
"Putnam,FL",74731
"St Johns,FL",306841
"St Lucie,FL",358704
"Santa Rosa,FL",198268
"Sarasota,FL",462286
"Seminole,FL",478772
"Sumter,FL",144970
"Suwannee,FL",45411
"Taylor,FL",21283
"Union,FL",15460
"Volusia,FL",579192
"Wakulla,FL",35178
"Walton,FL",83304
"Washington,FL",25414
"Appling,GA",18428
"Atkinson,GA",8183
"Bacon,GA",11191
"Baker,GA",2788
"Baldwin,GA",43635
"Banks,GA",19328
"Barrow,GA",89299
"Bartow,GA",112816
"Ben Hill,GA",17069
"Berrien,GA",18214
"Bibb,GA",156197
"Bleckley,GA",12257
"Brantley,GA",18183
"Brooks,GA",16253
"Bryan,GA",48225
"Bulloch,GA",83059
"Burke,GA",24388
"Butts,GA",26649
"Calhoun,GA",5469
"Camden,GA",57013
"Candler,GA",11000
"Carroll,GA",124592
"Catoosa,GA",68826
"Charlton,GA",12781
"Chatham,GA",301107
"Chattahoochee,GA",8819
"Chattooga,GA",24936
"Cherokee,GA",281278
"Clarke,GA",129875
"Clay,GA",2845
"Clayton,GA",296564
"Clinch,GA",6662
"Cobb,GA",771952
"Coffee,GA",43172
"Colquitt,GA",45762
"Columbia,GA",162419
"Cook,GA",17404
"Coweta,GA",152882
"Crawford,GA",12140
"Crisp,GA",19708
"Dade,GA",16081
"Dawson,GA",30138
"Decatur,GA",28982
"DeKalb,GA",762820
"Dodge,GA",19802
"Dooly,GA",10572
"Dougherty,GA",82966
"Douglas,GA",147316
"Early,GA",10574
"Echols,GA",3686
"Effingham,GA",69041
"Elbert,GA",19814
"Emanuel,GA",22929
"Evans,GA",10695
"Fannin,GA",25737
"Fayette,GA",122030
"Floyd,GA",99443
"Forsyth,GA",267237
"Franklin,GA",24128
"Fulton,GA",1074634
"Gilmer,GA",32407
"Glascock,GA",2939
"Glynn,GA",85079
"Gordon,GA",58954
"Grady,GA",26008
"Greene,GA",20139
"Gwinnett,GA",975353
"Habersham,GA",47475
"Hall,GA",212692
"Hancock,GA",8387
"Haralson,GA",31337
"Harris,GA",36276
"Hart,GA",26909
"Heard,GA",11725
"Henry,GA",248364
"Houston,GA",169631
"Irwin,GA",9126
"Jackson,GA",83936
"Jasper,GA",15951
"Jeff Davis,GA",14889
"Jefferson,GA",15314
"Jenkins,GA",8689
"Johnson,GA",9242
"Jones,GA",28472
"Lamar,GA",19467
"Lanier,GA",10171
"Laurens,GA",49660
"Lee,GA",33642
"Liberty,GA",68030
"Lincoln,GA",7841
"Long,GA",18348
"Lowndes,GA",119739
"Lumpkin,GA",34796
"McDuffie,GA",21713
"McIntosh,GA",11180
"Macon,GA",11765
"Madison,GA",31473
"Marion,GA",7449
"Meriwether,GA",20845
"Miller,GA",5807
"Mitchell,GA",21116
"Monroe,GA",29427
"Montgomery,GA",8655
"Morgan,GA",21031
"Murray,GA",40472
"Muscogee,GA",202616
"Newton,GA",117621
"Oconee,GA",43588
"Oglethorpe,GA",15469
"Paulding,GA",178421
"Peach,GA",28562
"Pickens,GA",34826
"Pierce,GA",20168
"Pike,GA",19990
"Polk,GA",43709
"Pulaski,GA",9984
"Putnam,GA",22984
"Quitman,GA",2249
"Rabun,GA",17206
"Randolph,GA",6116
"Richmond,GA",206640
"Rockdale,GA",94984
"Schley,GA",4496
"Screven,GA",13977
"Seminole,GA",9127
"Spalding,GA",68919
"Stephens,GA",26767
"Stewart,GA",4648
"Sumter,GA",28877
"Talbot,GA",5747
"Taliaferro,GA",1600
"Tattnall,GA",24064
"Taylor,GA",7737
"Telfair,GA",12354
"Terrell,GA",8754
"Thomas,GA",45561
"Tift,GA",41412
"Toombs,GA",26837
"Towns,GA",12972
"Treutlen,GA",6365
"Troup,GA",70191
"Turner,GA",8842
"Twiggs,GA",7680
"Union,GA",26388
"Upson,GA",28086
"Walker,GA",68915
"Walton,GA",103065
"Ware,GA",35614
"Warren,GA",5155
"Washington,GA",19738
"Wayne,GA",30896
"Webster,GA",2328
"Wheeler,GA",7314
"White,GA",28806
"Whitfield,GA",103132
"Wilcox,GA",8761
"Wilkes,GA",9599
"Wilkinson,GA",8681
"Worth,GA",20424
"Hawaii,HI",206315
"Honolulu,HI",995638
"Kalawao,HI",82
"Kauai,HI",73810
"Maui,HI",164351
"Ada,ID",518907
"Adams,ID",4817
"Bannock,ID",89517
"Bear Lake,ID",6722
"Benewah,ID",10370
"Bingham,ID",49923
"Blaine,ID",24866
"Boise,ID",8333
"Bonner,ID",51414
"Bonneville,ID",129496
"Boundary,ID",13345
"Butte,ID",2684
"Camas,ID",1153
"Canyon,ID",251065
"Caribou,ID",7190
"Cassia,ID",25655
"Clark,ID",806
"Clearwater,ID",9015
"Custer,ID",4506
"Elmore,ID",29403
"Franklin,ID",15189
"Fremont,ID",13978
"Gem,ID",20418
"Gooding,ID",15715
"Idaho,ID",17593
"Jefferson,ID",33428
"Jerome,ID",25311
"Kootenai,ID",183578
"Latah,ID",40978
"Lemhi,ID",8240
"Lewis,ID",3763
"Lincoln,ID",5329
"Madison,ID",54976
"Minidoka,ID",22194
"Nez Perce,ID",43004
"Oneida,ID",4712
"Owyhee,ID",12613
"Payette,ID",26956
"Power,ID",8068
"Shoshone,ID",14012
"Teton,ID",12544
"Twin Falls,ID",93696
"Valley,ID",12464
"Washington,ID",11087
"Adams,IL",64725
"Alexander,IL",4858
"Bond,IL",16566
"Boone,IL",53154
"Brown,IL",6330
"Bureau,IL",32828
"Calhoun,IL",4360
"Carroll,IL",15529
"Cass,IL",12657
"Champaign,IL",206542
"Christian,IL",33436
"Clark,IL",15229
"Clay,IL",13047
"Clinton,IL",36909
"Coles,IL",46334
"Cook,IL",5109292
"Crawford,IL",18536
"Cumberland,IL",10324
"DeKalb,IL",100232
"De Witt,IL",15310
"Douglas,IL",19755
"DuPage,IL",920901
"Edgar,IL",16433
"Edwards,IL",6071
"Effingham,IL",34325
"Fayette,IL",21305
"Ford,IL",13249
"Franklin,IL",37242
"Fulton,IL",33021
"Gallatin,IL",4855
"Greene,IL",11651
"Grundy,IL",53041
"Hamilton,IL",7984
"Hancock,IL",17244
"Hardin,IL",3597
"Henderson,IL",6151
"Henry,IL",48419
"Iroquois,IL",26473
"Jackson,IL",52617
"Jasper,IL",9212
"Jefferson,IL",36400
"Jersey,IL",21246
"Jo Daviess,IL",21758
"Johnson,IL",13381
"Kane,IL",514182
"Kankakee,IL",106074
"Kendall,IL",137254
"Knox,IL",48640
"Lake,IL",709150
"LaSalle,IL",108078
"Lawrence,IL",14914
"Lee,IL",33848
"Livingston,IL",35521
"Logan,IL",27591
"McDonough,IL",26861
"McHenry,IL",311747
"McLean,IL",171141
"Macon,IL",101483
"Macoupin,IL",44245
"Madison,IL",263864
"Marion,IL",36914
"Marshall,IL",11678
"Mason,IL",12748
"Massac,IL",13896
"Menard,IL",12121
"Mercer,IL",15504
"Monroe,IL",35033
"Montgomery,IL",28020
"Morgan,IL",32209
"Moultrie,IL",14323
"Ogle,IL",51351
"Peoria,IL",178383
"Perry,IL",20588
"Piatt,IL",16723
"Pike,IL",14484
"Pope,IL",3770
"Pulaski,IL",4991
"Putnam,IL",5572
"Randolph,IL",30068
"Richland,IL",15435
"Rock Island,IL",141527
"St Clair,IL",252671
"Saline,IL",23087
"Sangamon,IL",194534
"Schuyler,IL",6746
"Scott,IL",4790
"Shelby,IL",20761
"Stark,IL",5345
"Stephenson,IL",43627
"Tazewell,IL",129911
"Union,IL",16767
"Vermilion,IL",72337
"Wabash,IL",11087
"Warren,IL",16354
"Washington,IL",13643
"Wayne,IL",15872
"White,IL",13614
"Whiteside,IL",54658
"Will,IL",696757
"Williamson,IL",66695
"Winnebago,IL",282188
"Woodford,IL",38128
"Adams,IN",36068
"Allen,IN",391449
"Bartholomew,IN",83540
"Benton,IN",8719
"Blackford,IN",11919
"Boone,IN",74164
"Brown,IN",15570
"Carroll,IN",20555
"Cass,IN",37540
"Clark,IN",124237
"Clay,IN",26379
"Clinton,IN",32843
"Crawford,IN",10536
"Daviess,IN",33418
"Dearborn,IN",51138
"Decatur,IN",26416
"DeKalb,IN",43731
"Delaware,IN",112031
"Dubois,IN",43632
"Elkhart,IN",206890
"Fayette,IN",23349
"Floyd,IN",80714
"Fountain,IN",16574
"Franklin,IN",23028
"Fulton,IN",20327
"Gibson,IN",32993
"Grant,IN",66022
"Greene,IN",31006
"Hamilton,IN",364921
"Hancock,IN",83070
"Harrison,IN",39851
"Hendricks,IN",182534
"Henry,IN",48915
"Howard,IN",83574
"Huntington,IN",36834
"Jackson,IN",46300
"Jasper,IN",33281
"Jay,IN",20198
"Jefferson,IN",32946
"Jennings,IN",27536
"Johnson,IN",165782
"Knox,IN",35789
"Kosciusko,IN",80826
"LaGrange,IN",40866
"Lake,IN",499689
"LaPorte,IN",111675
"Lawrence,IN",45222
"Madison,IN",131744
"Marion,IN",969466
"Marshall,IN",46332
"Martin,IN",9803
"Miami,IN",35674
"Monroe,IN",139745
"Montgomery,IN",38273
"Morgan,IN",72236
"Newton,IN",13823
"Noble,IN",47367
"Ohio,IN",6114
"Orange,IN",19623
"Owen,IN",21482
"Parke,IN",16369
"Perry,IN",19183
"Pike,IN",12168
"Porter,IN",174791
"Posey,IN",25063
"Pulaski,IN",12485
"Putnam,IN",37301
"Randolph,IN",24437
"Ripley,IN",29087
"Rush,IN",16673
"St Joseph,IN",272234
"Scott,IN",24588
"Shelby,IN",44991
"Spencer,IN",19967
"Starke,IN",23258
"Steuben,IN",34725
"Sullivan,IN",20670
"Switzerland,IN",10006
"Tippecanoe,IN",188717
"Tipton,IN",15361
"Union,IN",6952
"Vanderburgh,IN",179744
"Vermillion,IN",15451
"Vigo,IN",106006
"Wabash,IN",30828
"Warren,IN",8461
"Warrick,IN",65185
"Washington,IN",28224
"Wayne,IN",66273
"Wells,IN",28335
"White,IN",24598
"Whitley,IN",34627
"Adair,IA",7494
"Adams,IA",3611
"Allamakee,IA",13960
"Appanoose,IA",12094
"Audubon,IA",5598
"Benton,IA",25711
"Black Hawk,IA",130274
"Boone,IA",26609
"Bremer,IA",25259
"Buchanan,IA",20714
"Buena Vista,IA",20600
"Butler,IA",14269
"Calhoun,IA",9725
"Carroll,IA",20567
"Cass,IA",13104
"Cedar,IA",18399
"Cerro Gordo,IA",42409
"Cherokee,IA",11491
"Chickasaw,IA",11716
"Clarke,IA",9692
"Clay,IA",16475
"Clayton,IA",17027
"Clinton,IA",46344
"Crawford,IA",16123
"Dallas,IA",108016
"Davis,IA",9130
"Decatur,IA",7683
"Delaware,IA",17568
"Des Moines,IA",38293
"Dickinson,IA",18028
"Dubuque,IA",98677
"Emmet,IA",9176
"Fayette,IA",19294
"Floyd,IA",15337
"Franklin,IA",9916
"Fremont,IA",6464
"Greene,IA",8741
"Grundy,IA",12356
"Guthrie,IA",10647
"Hamilton,IA",14820
"Hancock,IA",10685
"Hardin,IA",16567
"Harrison,IA",14658
"Henry,IA",20196
"Howard,IA",9533
"Humboldt,IA",9572
"Ida,IA",6888
"Iowa,IA",16475
"Jackson,IA",19324
"Jasper,IA",37938
"Jefferson,IA",15698
"Johnson,IA",156420
"Jones,IA",20848
"Keokuk,IA",9904
"Kossuth,IA",14475
"Lee,IA",32840
"Linn,IA",229033
"Louisa,IA",10677
"Lucas,IA",8689
"Lyon,IA",12179
"Madison,IA",17036
"Mahaska,IA",21946
"Marion,IA",33642
"Marshall,IA",39879
"Mills,IA",14553
"Mitchell,IA",10532
"Monona,IA",8486
"Monroe,IA",7550
"Montgomery,IA",10205
"Muscatine,IA",42377
"O'Brien,IA",14060
"Osceola,IA",6036
"Page,IA",15143
"Palo Alto,IA",8764
"Plymouth,IA",25681
"Pocahontas,IA",7053
"Polk,IA",501089
"Pottawattamie,IA",93173
"Poweshiek,IA",18467
"Ringgold,IA",4670
"Sac,IA",9673
"Scott,IA",173924
"Shelby,IA",11645
"Sioux,IA",36050
"Story,IA",99673
"Tama,IA",16903
"Taylor,IA",5858
"Union,IA",11887
"Van Buren,IA",7256
"Wapello,IA",35043
"Warren,IA",54327
"Washington,IA",22571
"Wayne,IA",6467
"Webster,IA",36626
"Winnebago,IA",10617
"Winneshiek,IA",19974
"Woodbury,IA",105671
"Worth,IA",7319
"Wright,IA",12681
"Allen,KS",12579
"Anderson,KS",7776
"Atchison,KS",16108
"Barber,KS",4122
"Barton,KS",25080
"Bourbon,KS",14493
"Brown,KS",9364
"Butler,KS",68240
"Chase,KS",2548
"Chautauqua,KS",3415
"Cherokee,KS",19088
"Cheyenne,KS",2583
"Clark,KS",1933
"Clay,KS",8043
"Cloud,KS",8946
"Coffey,KS",8280
"Comanche,KS",1681
"Cowley,KS",34453
"Crawford,KS",39078
"Decatur,KS",2689
"Dickinson,KS",18430
"Doniphan,KS",7440
"Douglas,KS",119964
"Edwards,KS",2739
"Elk,KS",2441
"Ellis,KS",28941
"Ellsworth,KS",6355
"Finney,KS",37650
"Ford,KS",33848
"Franklin,KS",25992
"Geary,KS",35691
"Gove,KS",2717
"Graham,KS",2411
"Grant,KS",7197
"Gray,KS",5729
"Greeley,KS",1223
"Greenwood,KS",5939
"Hamilton,KS",2430
"Harper,KS",5323
"Harvey,KS",33801
"Haskell,KS",3576
"Hodgeman,KS",1755
"Jackson,KS",13286
"Jefferson,KS",18344
"Jewell,KS",2898
"Johnson,KS",619195
"Kearny,KS",3855
"Kingman,KS",7193
"Kiowa,KS",2404
"Labette,KS",19757
"Lane,KS",1556
"Leavenworth,KS",82892
"Lincoln,KS",2899
"Linn,KS",9796
"Logan,KS",2705
"Lyon,KS",31898
"McPherson,KS",30012
"Marion,KS",11868
"Marshall,KS",9982
"Meade,KS",3897
"Miami,KS",34867
"Mitchell,KS",5738
"Montgomery,KS",30996
"Morris,KS",5349
"Morton,KS",2599
"Nemaha,KS",10115
"Neosho,KS",15606
"Ness,KS",2645
"Norton,KS",5301
"Osage,KS",15654
"Osborne,KS",3490
"Ottawa,KS",5795
"Pawnee,KS",6179
"Phillips,KS",4809
"Pottawatomie,KS",26273
"Pratt,KS",9067
"Rawlins,KS",2528
"Reno,KS",61516
"Republic,KS",4642
"Rice,KS",9407
"Riley,KS",71108
"Rooks,KS",4813
"Rush,KS",2927
"Russell,KS",6639
"Saline,KS",53596
"Scott,KS",5014
"Sedgwick,KS",525525
"Seward,KS",21358
"Shawnee,KS",177480
"Sheridan,KS",2425
"Sherman,KS",5830
"Smith,KS",3533
"Stafford,KS",3993
"Stanton,KS",1963
"Stevens,KS",5175
"Sumner,KS",22473
"Thomas,KS",7893
"Trego,KS",2752
"Wabaunsee,KS",7019
"Wallace,KS",1488
"Washington,KS",5501
"Wichita,KS",2064
"Wilson,KS",8622
"Woodson,KS",3109
"Wyandotte,KS",165746
"Adair,KY",19067
"Allen,KY",21275
"Anderson,KY",24224
"Ballard,KY",7650
"Barren,KY",44854
"Bath,KY",12829
"Bell,KY",23568
"Boone,KY",139093
"Bourbon,KY",20093
"Boyd,KY",48110
"Boyle,KY",30904
"Bracken,KY",8452
"Breathitt,KY",13351
"Breckinridge,KY",20943
"Bullitt,KY",83836
"Butler,KY",12295
"Caldwell,KY",12570
"Calloway,KY",37685
"Campbell,KY",93300
"Carlisle,KY",4720
"Carroll,KY",10938
"Carter,KY",26395
"Casey,KY",15920
"Christian,KY",73037
"Clark,KY",37061
"Clay,KY",19913
"Clinton,KY",9123
"Crittenden,KY",8981
"Cumberland,KY",5946
"Daviess,KY",103222
"Edmonson,KY",12269
"Elliott,KY",7293
"Estill,KY",14044
"Fayette,KY",320347
"Fleming,KY",15288
"Floyd,KY",34978
"Franklin,KY",51607
"Fulton,KY",6382
"Gallatin,KY",8763
"Garrard,KY",17589
"Grant,KY",25502
"Graves,KY",36412
"Grayson,KY",26631
"Green,KY",11365
"Greenup,KY",35403
"Hancock,KY",9021
"Hardin,KY",111862
"Harlan,KY",25662
"Harrison,KY",19103
"Hart,KY",19600
"Henderson,KY",44046
"Henry,KY",15771
"Hickman,KY",4422
"Hopkins,KY",44812
"Jackson,KY",12973
"Jefferson,KY",773399
"Jessamine,KY",54254
"Johnson,KY",22244
"Kenton,KY",170313
"Knott,KY",13874
"Knox,KY",29791
"Larue,KY",15163
"Laurel,KY",62885
"Lawrence,KY",16109
"Lee,KY",7261
"Leslie,KY",10093
"Letcher,KY",20893
"Lewis,KY",12954
"Lincoln,KY",24360
"Livingston,KY",8963
"Logan,KY",27877
"Lyon,KY",9101
"McCracken,KY",67490
"McCreary,KY",16701
"McLean,KY",9105
"Madison,KY",95187
"Magoffin,KY",11357
"Marion,KY",19775
"Marshall,KY",31777
"Martin,KY",11095
"Mason,KY",16930
"Meade,KY",30001
"Menifee,KY",6250
"Mercer,KY",22902
"Metcalfe,KY",10370
"Monroe,KY",11355
"Montgomery,KY",28367
"Morgan,KY",14120
"Muhlenberg,KY",30455
"Nelson,KY",47392
"Nicholas,KY",7805
"Ohio,KY",23527
"Oldham,KY",69431
"Owen,KY",11290
"Owsley,KY",3929
"Pendleton,KY",14676
"Perry,KY",27361
"Pike,KY",56286
"Powell,KY",13083
"Pulaski,KY",65795
"Robertson,KY",2229
"Rockcastle,KY",16242
"Rowan,KY",24388
"Russell,KY",18178
"Scott,KY",59099
"Shelby,KY",48886
"Simpson,KY",19949
"Spencer,KY",20204
"Taylor,KY",26407
"Todd,KY",12404
"Trigg,KY",14332
"Trimble,KY",8539
"Union,KY",12961
"Warren,KY",139843
"Washington,KY",12061
"Wayne,KY",19681
"Webster,KY",12726
"Whitley,KY",36873
"Wolfe,KY",6400
"Woodford,KY",27062
"Acadia Parish,LA",56744
"Allen Parish,LA",22320
"Ascension Parish,LA",130458
"Assumption Parish,LA",20604
"Avoyelles Parish,LA",38751
"Beauregard Parish,LA",36570
"Bienville Parish,LA",12641
"Bossier Parish,LA",129276
"Caddo Parish,LA",229025
"Calcasieu Parish,LA",202418
"Caldwell Parish,LA",9554
"Cameron Parish,LA",4902
"Catahoula Parish,LA",8566
"Claiborne Parish,LA",13744
"Concordia Parish,LA",18116
"De Soto Parish,LA",26853
"East Baton Rouge Parish,LA",450544
"East Carroll Parish,LA",6990
"East Feliciana Parish,LA",19135
"Evangeline Parish,LA",31986
"Franklin Parish,LA",19308
"Grant Parish,LA",22000
"Iberia Parish,LA",68327
"Iberville Parish,LA",29506
"Jackson Parish,LA",14839
"Jefferson Parish,LA",425884
"Jefferson Davis Parish,LA",32026
"Lafayette Parish,LA",247866
"Lafourche Parish,LA",95870
"LaSalle Parish,LA",14729
"Lincoln Parish,LA",48129
"Livingston Parish,LA",148425
"Madison Parish,LA",9478
"Morehouse Parish,LA",24446
"Natchitoches Parish,LA",36663
"Orleans Parish,LA",369749
"Ouachita Parish,LA",157702
"Plaquemines Parish,LA",22516
"Pointe Coupee Parish,LA",20151
"Rapides Parish,LA",127189
"Red River Parish,LA",7420
"Richland Parish,LA",19826
"Sabine Parish,LA",21985
"St Bernard Parish,LA",44479
"St Charles Parish,LA",50998
"St Helena Parish,LA",10822
"St James Parish,LA",19423
"St John the Baptist Parish,LA",39864
"St Landry Parish,LA",81773
"St Martin Parish,LA",51236
"St Mary Parish,LA",47789
"St Tammany Parish,LA",273263
"Tangipahoa Parish,LA",137048
"Tensas Parish,LA",3846
"Terrebonne Parish,LA",104786
"Union Parish,LA",20721
"Vermilion Parish,LA",56952
"Vernon Parish,LA",47247
"Washington Parish,LA",45025
"Webster Parish,LA",35643
"West Baton Rouge Parish,LA",28034
"West Carroll Parish,LA",9475
"West Feliciana Parish,LA",15381
"Winn Parish,LA",13205
"Androscoggin,ME",113023
"Aroostook,ME",67255
"Cumberland,ME",307451
"Franklin,ME",30474
"Hancock,ME",56701
"Kennebec,ME",125540
"Knox,ME",41164
"Lincoln,ME",36215
"Oxford,ME",59495
"Penobscot,ME",153704
"Piscataquis,ME",17417
"Sagadahoc,ME",37393
"Somerset,ME",51098
"Waldo,ME",40241
"Washington,ME",31437
"York,ME",216732
"Allegany,MD",67267
"Anne Arundel,MD",593286
"Baltimore,MD",846161
"Calvert,MD",94573
"Caroline,MD",33433
"Carroll,MD",175305
"Cecil,MD",104942
"Charles,MD",170102
"Dorchester,MD",32726
"Frederick,MD",287079
"Garrett,MD",28579
"Harford,MD",263867
"Howard,MD",335411
"Kent,MD",19320
"Montgomery,MD",1052521
"Prince George's,MD",946971
"Queen Anne's,MD",51711
"St Mary's,MD",114877
"Somerset,MD",24546
"Talbot,MD",37932
"Washington,MD",155590
"Wicomico,MD",104664
"Worcester,MD",53866
"Baltimore city,MD",569931
"Barnstable,MA",232457
"Berkshire,MA",127859
"Bristol,MA",580068
"Dukes,MA",20868
"Essex,MA",806765
"Franklin,MA",70894
"Hampden,MA",461041
"Hampshire,MA",162588
"Middlesex,MA",1617105
"Nantucket,MA",14421
"Norfolk,MA",725531
"Plymouth,MA",533069
"Suffolk,MA",766381
"Worcester,MA",862927
"Alcona,MI",10417
"Alger,MI",8807
"Allegan,MI",121210
"Alpena,MI",28847
"Antrim,MI",24249
"Arenac,MI",15089
"Baraga,MI",8277
"Barry,MI",63554
"Bay,MI",102821
"Benzie,MI",18297
"Berrien,MI",152900
"Branch,MI",44531
"Calhoun,MI",133289
"Cass,MI",51403
"Charlevoix,MI",26293
"Cheboygan,MI",25940
"Chippewa,MI",36293
"Clare,MI",31352
"Clinton,MI",79748
"Crawford,MI",13491
"Delta,MI",36741
"Dickinson,MI",25874
"Eaton,MI",108992
"Emmet,MI",34163
"Genesee,MI",401983
"Gladwin,MI",25728
"Gogebic,MI",14319
"Grand Traverse,MI",96464
"Gratiot,MI",41100
"Hillsdale,MI",45762
"Houghton,MI",37035
"Huron,MI",31248
"Ingham,MI",284108
"Ionia,MI",66809
"Iosco,MI",25521
"Iron,MI",11622
"Isabella,MI",64447
"Jackson,MI",160066
"Kalamazoo,MI",261173
"Kalkaska,MI",18182
"Kent,MI",659083
"Keweenaw,MI",2180
"Lake,MI",12594
"Lapeer,MI",88780
"Leelanau,MI",22870
"Lenawee,MI",98567
"Livingston,MI",196161
"Luce,MI",5330
"Mackinac,MI",10941
"Macomb,MI",874195
"Manistee,MI",25287
"Marquette,MI",66661
"Mason,MI",29409
"Mecosta,MI",40720
"Menominee,MI",23266
"Midland,MI",83674
"Missaukee,MI",15213
"Monroe,MI",155609
"Montcalm,MI",67433
"Montmorency,MI",9569
"Muskegon,MI",176565
"Newaygo,MI",50886
"Oakland,MI",1269431
"Oceana,MI",26973
"Ogemaw,MI",20970
"Ontonagon,MI",5863
"Osceola,MI",23274
"Oscoda,MI",8404
"Otsego,MI",25644
"Ottawa,MI",300873
"Presque Isle,MI",13361
"Roscommon,MI",23708
"Saginaw,MI",188330
"St Clair,MI",160151
"St Joseph,MI",60874
"Sanilac,MI",40657
"Schoolcraft,MI",8188
"Shiawassee,MI",68022
"Tuscola,MI",52945
"Van Buren,MI",75692
"Washtenaw,MI",366376
"Wayne,MI",1757043
"Wexford,MI",34196
"Aitkin,MN",16126
"Anoka,MN",368864
"Becker,MN",35371
"Beltrami,MN",46799
"Benton,MN",41463
"Big Stone,MN",5144
"Blue Earth,MN",69631
"Brown,MN",25723
"Carlton,MN",36708
"Carver,MN",110034
"Cass,MN",31274
"Chippewa,MN",12284
"Chisago,MN",57988
"Clay,MN",65929
"Clearwater,MN",8649
"Cook,MN",5708
"Cottonwood,MN",11356
"Crow Wing,MN",67948
"Dakota,MN",443341
"Dodge,MN",20981
"Douglas,MN",39668
"Faribault,MN",13926
"Fillmore,MN",21414
"Freeborn,MN",30718
"Goodhue,MN",48013
"Grant,MN",6136
"Hennepin,MN",1260121
"Houston,MN",18800
"Hubbard,MN",21960
"Isanti,MN",42727
"Itasca,MN",45205
"Jackson,MN",9893
"Kanabec,MN",16463
"Kandiyohi,MN",43839
"Kittson,MN",4059
"Koochiching,MN",11844
"Lac qui Parle,MN",6689
"Lake,MN",10939
"Lake of the Woods,MN",3871
"Le Sueur,MN",29153
"Lincoln,MN",5580
"Lyon,MN",25262
"McLeod,MN",36714
"Mahnomen,MN",5328
"Marshall,MN",8861
"Martin,MN",19650
"Meeker,MN",23496
"Mille Lacs,MN",27280
"Morrison,MN",34246
"Mower,MN",40140
"Murray,MN",8060
"Nicollet,MN",34441
"Nobles,MN",21947
"Norman,MN",6377
"Olmsted,MN",164020
"Otter Tail,MN",60519
"Pennington,MN",13845
"Pine,MN",29446
"Pipestone,MN",9355
"Polk,MN",30731
"Pope,MN",11431
"Ramsey,MN",536413
"Red Lake,MN",3874
"Redwood,MN",15361
"Renville,MN",14525
"Rice,MN",67693
"Rock,MN",9537
"Roseau,MN",15292
"St Louis,MN",199532
"Scott,MN",154520
"Sherburne,MN",100824
"Sibley,MN",14955
"Stearns,MN",160405
"Steele,MN",37398
"Stevens,MN",9637
"Swift,MN",9755
"Todd,MN",25538
"Traverse,MN",3275
"Wabasha,MN",21658
"Wadena,MN",14307
"Waseca,MN",18893
"Washington,MN",275912
"Watonwan,MN",11075
"Wilkin,MN",6350
"Winona,MN",49478
"Wright,MN",148003
"Yellow Medicine,MN",9486
"Adams,MS",28408
"Alcorn,MS",34204
"Amite,MS",12619
"Attala,MS",17509
"Benton,MS",7550
"Bolivar,MS",29370
"Calhoun,MS",12781
"Carroll,MS",9731
"Chickasaw,MS",16812
"Choctaw,MS",8037
"Claiborne,MS",8805
"Clarke,MS",15271
"Clay,MS",18380
"Coahoma,MS",20197
"Copiah,MS",27719
"Covington,MS",18098
"DeSoto,MS",191723
"Forrest,MS",78110
"Franklin,MS",7642
"George,MS",25206
"Greene,MS",13552
"Grenada,MS",21088
"Hancock,MS",46094
"Harrison,MS",211044
"Hinds,MS",217730
"Holmes,MS",16121
"Humphreys,MS",7333
"Issaquena,MS",1273
"Itawamba,MS",23903
"Jackson,MS",144975
"Jasper,MS",16167
"Jefferson,MS",7087
"Jefferson Davis,MS",11088
"Jones,MS",66569
"Kemper,MS",8654
"Lafayette,MS",57615
"Lamar,MS",65783
"Lauderdale,MS",70904
"Lawrence,MS",11713
"Leake,MS",21135
"Lee,MS",82959
"Leflore,MS",26570
"Lincoln,MS",34717
"Lowndes,MS",57603
"Madison,MS",111113
"Marion,MS",24050
"Marshall,MS",34110
"Monroe,MS",33577
"Montgomery,MS",9530
"Neshoba,MS",28673
"Newton,MS",21029
"Noxubee,MS",9990
"Oktibbeha,MS",51427
"Panola,MS",32661
"Pearl River,MS",57261
"Perry,MS",11368
"Pike,MS",39644
"Pontotoc,MS",31389
"Prentiss,MS",24792
"Quitman,MS",5701
"Rankin,MS",158979
"Scott,MS",27707
"Sharkey,MS",3488
"Simpson,MS",25587
"Smith,MS",14092
"Stone,MS",18669
"Sunflower,MS",24811
"Tallahatchie,MS",12035
"Tate,MS",28296
"Tippah,MS",21431
"Tishomingo,MS",18619
"Tunica,MS",9458
"Union,MS",28125
"Walthall,MS",13761
"Warren,MS",42649
"Washington,MS",42514
"Wayne,MS",19681
"Webster,MS",9993
"Wilkinson,MS",8143
"Winston,MS",17543
"Yalobusha,MS",12364
"Yazoo,MS",25948
"Adair,MO",25165
"Andrew,MO",18003
"Atchison,MO",5182
"Audrain,MO",24434
"Barry,MO",34926
"Barton,MO",11694
"Bates,MO",16177
"Benton,MO",20224
"Bollinger,MO",10518
"Boone,MO",187690
"Buchanan,MO",82911
"Butler,MO",42179
"Caldwell,MO",8933
"Callaway,MO",44762
"Camden,MO",43768
"Cape Girardeau,MO",82899
"Carroll,MO",8423
"Carter,MO",5268
"Cass,MO",110394
"Cedar,MO",14601
"Chariton,MO",7386
"Christian,MO",93114
"Clark,MO",6723
"Clay,MO",257033
"Clinton,MO",21328
"Cole,MO",76969
"Cooper,MO",16772
"Crawford,MO",22659
"Dade,MO",7660
"Dallas,MO",17626
"Daviess,MO",8435
"DeKalb,MO",11336
"Dent,MO",14467
"Douglas,MO",11975
"Dunklin,MO",27406
"Franklin,MO",105879
"Gasconade,MO",14768
"Gentry,MO",6253
"Greene,MO",303293
"Grundy,MO",9838
"Harrison,MO",8199
"Henry,MO",22438
"Hickory,MO",8630
"Holt,MO",4262
"Howard,MO",10168
"Howell,MO",40631
"Iron,MO",9414
"Jackson,MO",716531
"Jasper,MO",124075
"Jefferson,MO",229336
"Johnson,MO",54368
"Knox,MO",3776
"Laclede,MO",36313
"Lafayette,MO",32961
"Lawrence,MO",38683
"Lewis,MO",9891
"Lincoln,MO",63155
"Linn,MO",11820
"Livingston,MO",14402
"McDonald,MO",23588
"Macon,MO",15049
"Madison,MO",12753
"Maries,MO",8431
"Marion,MO",28438
"Mercer,MO",3437
"Miller,MO",25403
"Mississippi,MO",11688
"Moniteau,MO",15220
"Monroe,MO",8652
"Montgomery,MO",11470
"Morgan,MO",21785
"New Madrid,MO",15695
"Newton,MO",60011
"Nodaway,MO",20670
"Oregon,MO",8732
"Osage,MO",13399
"Ozark,MO",8940
"Pemiscot,MO",14841
"Perry,MO",18858
"Pettis,MO",43353
"Phelps,MO",45313
"Pike,MO",17664
"Platte,MO",110534
"Polk,MO",32693
"Pulaski,MO",53941
"Putnam,MO",4666
"Ralls,MO",10420
"Randolph,MO",24622
"Ray,MO",23107
"Reynolds,MO",6006
"Ripley,MO",10703
"St Charles,MO",413803
"St Clair,MO",9576
"Ste Genevieve,MO",18644
"St Francois,MO",66969
"St Louis,MO",990414
"Saline,MO",23007
"Schuyler,MO",4002
"Scotland,MO",4643
"Scott,MO",37840
"Shannon,MO",7193
"Shelby,MO",5982
"Stoddard,MO",28377
"Stone,MO",32136
"Sullivan,MO",5840
"Taney,MO",56821
"Texas,MO",25336
"Vernon,MO",19651
"Warren,MO",37260
"Washington,MO",23441
"Wayne,MO",10792
"Webster,MO",40335
"Worth,MO",1955
"Wright,MO",19156
"St Louis city,MO",286578
"Beaverhead,MT",9719
"Big Horn,MT",12851
"Blaine,MT",6936
"Broadwater,MT",7793
"Carbon,MT",11179
"Carter,MT",1382
"Cascade,MT",84864
"Chouteau,MT",5898
"Custer,MT",12032
"Daniels,MT",1628
"Dawson,MT",8830
"Deer Lodge,MT",9510
"Fallon,MT",3011
"Fergus,MT",11663
"Flathead,MT",111814
"Gallatin,MT",124857
"Garfield,MT",1218
"Glacier,MT",13681
"Golden Valley,MT",835
"Granite,MT",3502
"Hill,MT",16068
"Jefferson,MT",12826
"Judith Basin,MT",2105
"Lake,MT",32853
"Lewis and Clark,MT",73832
"Liberty,MT",1972
"Lincoln,MT",21525
"McCone,MT",1709
"Madison,MT",9265
"Meagher,MT",2013
"Mineral,MT",5058
"Missoula,MT",121041
"Musselshell,MT",5197
"Park,MT",17790
"Petroleum,MT",524
"Phillips,MT",4240
"Pondera,MT",6078
"Powder River,MT",1725
"Powell,MT",7051
"Prairie,MT",1107
"Ravalli,MT",47298
"Richland,MT",11237
"Roosevelt,MT",10572
"Rosebud,MT",8088
"Sanders,MT",13442
"Sheridan,MT",3564
"Silver Bow,MT",36068
"Stillwater,MT",9177
"Sweet Grass,MT",3715
"Teton,MT",6368
"Toole,MT",5082
"Treasure,MT",758
"Valley,MT",7513
"Wheatland,MT",2032
"Wibaux,MT",919
"Yellowstone,MT",169852
"Adams,NE",30970
"Antelope,NE",6293
"Arthur,NE",433
"Banner,NE",660
"Blaine,NE",453
"Boone,NE",5385
"Box Butte,NE",10672
"Boyd,NE",1741
"Brown,NE",2872
"Buffalo,NE",50586
"Burt,NE",6755
"Butler,NE",8427
"Cass,NE",27122
"Cedar,NE",8371
"Chase,NE",3772
"Cherry,NE",5464
"Cheyenne,NE",9511
"Clay,NE",6049
"Colfax,NE",10444
"Cuming,NE",8929
"Custer,NE",10476
"Dakota,NE",21042
"Dawes,NE",8241
"Dawson,NE",23884
"Deuel,NE",1902
"Dixon,NE",5464
"Dodge,NE",36997
"Douglas,NE",586327
"Dundy,NE",1590
"Fillmore,NE",5553
"Franklin,NE",2873
"Frontier,NE",2633
"Furnas,NE",4575
"Gage,NE",21583
"Garden,NE",1837
"Garfield,NE",1801
"Gosper,NE",1808
"Grant,NE",576
"Greeley,NE",2227
"Hall,NE",62097
"Hamilton,NE",9429
"Harlan,NE",3054
"Hayes,NE",849
"Hitchcock,NE",2598
"Holt,NE",10043
"Hooker,NE",686
"Howard,NE",6515
"Jefferson,NE",7154
"Johnson,NE",5287
"Kearney,NE",6690
"Keith,NE",8269
"Keya Paha,NE",787
"Kimball,NE",3315
"Knox,NE",8336
"Lancaster,NE",324756
"Lincoln,NE",33685
"Logan,NE",675
"Loup,NE",599
"McPherson,NE",372
"Madison,NE",35368
"Merrick,NE",7721
"Morrill,NE",4527
"Nance,NE",3326
"Nemaha,NE",7035
"Nuckolls,NE",4041
"Otoe,NE",16198
"Pawnee,NE",2528
"Perkins,NE",2829
"Phelps,NE",8988
"Pierce,NE",7332
"Platte,NE",34296
"Polk,NE",5166
"Red Willow,NE",10573
"Richardson,NE",7705
"Rock,NE",1245
"Saline,NE",14116
"Sarpy,NE",196553
"Saunders,NE",23118
"Scotts Bluff,NE",35603
"Seward,NE",17692
"Sheridan,NE",4996
"Sherman,NE",2980
"Sioux,NE",1127
"Stanton,NE",5717
"Thayer,NE",4885
"Thomas,NE",671
"Thurston,NE",6507
"Valley,NE",4073
"Washington,NE",21167
"Wayne,NE",9871
"Webster,NE",3336
"Wheeler,NE",785
"York,NE",14354
"Churchill,NV",25843
"Clark,NV",2322985
"Douglas,NV",49628
"Elko,NV",54046
"Esmeralda,NV",744
"Eureka,NV",1863
"Humboldt,NV",17272
"Lander,NV",5766
"Lincoln,NV",4482
"Lyon,NV",61585
"Mineral,NV",4525
"Nye,NV",54738
"Pershing,NV",6462
"Storey,NV",4170
"Washoe,NV",496745
"White Pine,NV",8788
"Carson City,NV",58130
"Belknap,NH",64781
"Carroll,NH",52199
"Cheshire,NH",77350
"Coos,NH",31504
"Grafton,NH",91126
"Hillsborough,NH",426594
"Merrimack,NH",156020
"Rockingham,NH",319424
"Strafford,NH",132275
"Sullivan,NH",43958
"Atlantic,NJ",275638
"Bergen,NJ",952997
"Burlington,NJ",466103
"Camden,NJ",524907
"Cape May,NJ",95634
"Cumberland,NJ",151356
"Essex,NJ",849477
"Gloucester,NJ",306601
"Hudson,NJ",703366
"Hunterdon,NJ",129777
"Mercer,NJ",380688
"Middlesex,NJ",861418
"Monmouth,NJ",644098
"Morris,NJ",511151
"Ocean,NJ",655735
"Passaic,NJ",513936
"Salem,NJ",65117
"Somerset,NJ",346875
"Sussex,NJ",146084
"Union,NJ",569815
"Warren,NJ",110926
"Bernalillo,NM",672508
"Catron,NM",3827
"Chaves,NM",63894
"Cibola,NM",26950
"Colfax,NM",12246
"Curry,NM",47532
"De Baca,NM",1693
"Doña Ana,NM",223337
"Eddy,NM",60400
"Grant,NM",27686
"Guadalupe,NM",4310
"Harding,NM",628
"Hidalgo,NM",4003
"Lea,NM",72452
"Lincoln,NM",20411
"Los Alamos,NM",19187
"Luna,NM",25749
"McKinley,NM",69830
"Mora,NM",4169
"Otero,NM",68823
"Quay,NM",8546
"Rio Arriba,NM",40048
"Roosevelt,NM",18934
"Sandoval,NM",153501
"San Juan,NM",120418
"San Miguel,NM",26953
"Santa Fe,NM",155664
"Sierra,NM",11436
"Socorro,NM",16115
"Taos,NM",34580
"Torrance,NM",15454
"Union,NM",3980
"Valencia,NM",78080
"Albany,NY",315811
"Allegany,NY",46694
"Bronx,NY",1379946
"Broome,NY",197117
"Cattaraugus,NY",76439
"Cayuga,NY",74998
"Chautauqua,NY",126027
"Chemung,NY",81426
"Chenango,NY",46458
"Clinton,NY",78753
"Columbia,NY",61286
"Cortland,NY",46126
"Delaware,NY",44740
"Dutchess,NY",297545
"Erie,NY",950312
"Essex,NY",36910
"Franklin,NY",46373
"Fulton,NY",52669
"Genesee,NY",57535
"Greene,NY",48061
"Hamilton,NY",5118
"Herkimer,NY",59822
"Jefferson,NY",116637
"Kings,NY",2590516
"Lewis,NY",26699
"Livingston,NY",61516
"Madison,NY",67097
"Monroe,NY",752035
"Montgomery,NY",49623
"Nassau,NY",1383726
"New York,NY",1596273
"Niagara,NY",210880
"Oneida,NY",228846
"Onondaga,NY",468249
"Ontario,NY",112707
"Orange,NY",405941
"Orleans,NY",39318
"Oswego,NY",118287
"Otsego,NY",60636
"Putnam,NY",98045
"Queens,NY",2278029
"Rensselaer,NY",159853
"Richmond,NY",491133
"Rockland,NY",339022
"St Lawrence,NY",107733
"Saratoga,NY",238797
"Schenectady,NY",160093
"Schoharie,NY",30063
"Schuyler,NY",17650
"Seneca,NY",32882
"Steuben,NY",92599
"Suffolk,NY",1525465
"Sullivan,NY",79658
"Tioga,NY",47772
"Tompkins,NY",104777
"Ulster,NY",182319
"Warren,NY",65599
"Washington,NY",60841
"Wayne,NY",91125
"Westchester,NY",990427
"Wyoming,NY",39666
"Yates,NY",24451
"Alamance,NC",176353
"Alexander,NC",36512
"Alleghany,NC",11185
"Anson,NC",22202
"Ashe,NC",27110
"Avery,NC",17571
"Beaufort,NC",44272
"Bertie,NC",17240
"Bladen,NC",29446
"Brunswick,NC",153064
"Buncombe,NC",273589
"Burke,NC",87881
"Cabarrus,NC",235797
"Caldwell,NC",80492
"Camden,NC",11088
"Carteret,NC",69380
"Caswell,NC",22614
"Catawba,NC",163462
"Chatham,NC",79864
"Cherokee,NC",29512
"Chowan,NC",13940
"Clay,NC",11614
"Cleveland,NC",100670
"Columbus,NC",49885
"Craven,NC",100874
"Cumberland,NC",336699
"Currituck,NC",31015
"Dare,NC",37956
"Davidson,NC",172586
"Davie,NC",44090
"Duplin,NC",48990
"Durham,NC",332680
"Edgecombe,NC",48301
"Forsyth,NC",389157
"Franklin,NC",74539
"Gaston,NC",234215
"Gates,NC",10383
"Graham,NC",7980
"Granville,NC",61903
"Greene,NC",20211
"Guilford,NC",546101
"Halifax,NC",47848
"Harnett,NC",138832
"Haywood,NC",62609
"Henderson,NC",118106
"Hertford,NC",20875
"Hoke,NC",53787
"Hyde,NC",4576
"Iredell,NC",195897
"Jackson,NC",42955
"Johnston,NC",234778
"Jones,NC",9233
"Lee,NC",65476
"Lenoir,NC",54633
"Lincoln,NC",93095
"McDowell,NC",44753
"Macon,NC",38065
"Madison,NC",21768
"Martin,NC",21508
"Mecklenburg,NC",1145392
"Mitchell,NC",15094
"Montgomery,NC",25894
"Moore,NC",105531
"Nash,NC",95789
"New Hanover,NC",234921
"Northampton,NC",16779
"Onslow,NC",207298
"Orange,NC",150477
"Pamlico,NC",12381
"Pasquotank,NC",40938
"Pender,NC",65737
"Perquimans,NC",13210
"Person,NC",39386
"Pitt,NC",173542
"Polk,NC",19986
"Randolph,NC",146043
"Richmond,NC",42778
"Robeson,NC",116663
"Rockingham,NC",91957
"Rowan,NC",149645
"Rutherford,NC",64963
"Sampson,NC",59120
"Scotland,NC",34162
"Stanly,NC",64153
"Stokes,NC",45175
"Surry,NC",71403
"Swain,NC",13967
"Transylvania,NC",33355
"Tyrrell,NC",3365
"Union,NC",249070
"Vance,NC",42138
"Wake,NC",1175021
"Warren,NC",18713
"Washington,NC",10828
"Watauga,NC",55089
"Wayne,NC",117286
"Wilkes,NC",65784
"Wilson,NC",78449
"Yadkin,NC",37463
"Yancey,NC",18811
"Adams,ND",2115
"Barnes,ND",10758
"Benson,ND",5770
"Billings,ND",1018
"Bottineau,ND",6376
"Bowman,ND",2894
"Burke,ND",2155
"Burleigh,ND",99280
"Cass,ND",192734
"Cavalier,ND",3597
"Dickey,ND",4923
"Divide,ND",2187
"Dunn,ND",4015
"Eddy,ND",2314
"Emmons,ND",3250
"Foster,ND",3378
"Golden Valley,ND",1744
"Grand Forks,ND",72413
"Grant,ND",2243
"Griggs,ND",2252
"Hettinger,ND",2406
"Kidder,ND",2393
"LaMoure,ND",4098
"Logan,ND",1855
"McHenry,ND",5189
"McIntosh,ND",2475
"McKenzie,ND",13908
"McLean,ND",9824
"Mercer,ND",8333
"Morton,ND",33710
"Mountrail,ND",9290
"Nelson,ND",2995
"Oliver,ND",1856
"Pembina,ND",6763
"Pierce,ND",3942
"Ramsey,ND",11515
"Ransom,ND",5640
"Renville,ND",2220
"Richland,ND",16580
"Rolette,ND",11933
"Sargent,ND",3795
"Sheridan,ND",1295
"Sioux,ND",3711
"Slope,ND",672
"Stark,ND",32803
"Steele,ND",1788
"Stutsman,ND",21487
"Towner,ND",2064
"Traill,ND",7958
"Walsh,ND",10438
"Ward,ND",68870
"Wells,ND",3930
"Williams,ND",38109
"Adams,OH",27420
"Allen,OH",101115
"Ashland,OH",52181
"Ashtabula,OH",97014
"Athens,OH",58979
"Auglaize,OH",45948
"Belmont,OH",65509
"Brown,OH",43680
"Butler,OH",388420
"Carroll,OH",26659
"Champaign,OH",38709
"Clark,OH",134831
"Clermont,OH",210805
"Clinton,OH",41964
"Columbiana,OH",100511
"Coshocton,OH",36571
"Crawford,OH",41522
"Cuyahoga,OH",1236041
"Darke,OH",51529
"Defiance,OH",38187
"Delaware,OH",226296
"Erie,OH",74501
"Fairfield,OH",162898
"Fayette,OH",28839
"Franklin,OH",1321820
"Fulton,OH",42171
"Gallia,OH",29068
"Geauga,OH",95469
"Greene,OH",168456
"Guernsey,OH",38098
"Hamilton,OH",825037
"Hancock,OH",74861
"Hardin,OH",30416
"Harrison,OH",14378
"Henry,OH",27512
"Highland,OH",43391
"Hocking,OH",27858
"Holmes,OH",44390
"Huron,OH",58218
"Jackson,OH",32586
"Jefferson,OH",64330
"Knox,OH",63183
"Lake,OH",231842
"Lawrence,OH",56653
"Licking,OH",181359
"Logan,OH",46040
"Lorain,OH",316268
"Lucas,OH",426643
"Madison,OH",43540
"Mahoning,OH",225636
"Marion,OH",64642
"Medina,OH",183512
"Meigs,OH",21969
"Mercer,OH",42348
"Miami,OH",110247
"Monroe,OH",13234
"Montgomery,OH",533892
"Morgan,OH",13668
"Morrow,OH",35339
"Muskingum,OH",86113
"Noble,OH",14335
"Ottawa,OH",39978
"Paulding,OH",18757
"Perry,OH",35480
"Pickaway,OH",60023
"Pike,OH",27005
"Portage,OH",161745
"Preble,OH",40596
"Putnam,OH",34334
"Richland,OH",125319
"Ross,OH",76606
"Sandusky,OH",58667
"Scioto,OH",72194
"Seneca,OH",54632
"Shelby,OH",47671
"Stark,OH",372657
"Summit,OH",535882
"Trumbull,OH",200643
"Tuscarawas,OH",91937
"Union,OH",66898
"Van Wert,OH",28769
"Vinton,OH",12565
"Warren,OH",249778
"Washington,OH",58901
"Wayne,OH",116559
"Williams,OH",36652
"Wood,OH",131592
"Wyandot,OH",21567
"Adair,OK",19576
"Alfalfa,OK",5637
"Atoka,OK",14262
"Beaver,OK",5016
"Beckham,OK",22009
"Blaine,OK",8409
"Bryan,OK",48182
"Caddo,OK",26198
"Canadian,OK",169149
"Carter,OK",48510
"Cherokee,OK",48098
"Choctaw,OK",14358
"Cimarron,OK",2252
"Cleveland,OK",299587
"Coal,OK",5313
"Comanche,OK",123046
"Cotton,OK",5477
"Craig,OK",14123
"Creek,OK",72699
"Custer,OK",27886
"Delaware,OK",41413
"Dewey,OK",4401
"Ellis,OK",3657
"Garfield,OK",61920
"Garvin,OK",25713
"Grady,OK",56658
"Grant,OK",4124
"Greer,OK",5547
"Harmon,OK",2428
"Harper,OK",3129
"Haskell,OK",11641
"Hughes,OK",13407
"Jackson,OK",24556
"Jefferson,OK",5389
"Johnston,OK",10406
"Kay,OK",43668
"Kingfisher,OK",15293
"Kiowa,OK",8345
"Latimer,OK",9630
"Le Flore,OK",48907
"Lincoln,OK",34188
"Logan,OK",51933
"Love,OK",10218
"McClain,OK",45306
"McCurtain,OK",30931
"McIntosh,OK",19451
"Major,OK",7502
"Marshall,OK",15882
"Mayes,OK",39589
"Murray,OK",13672
"Muskogee,OK",66354
"Noble,OK",10896
"Nowata,OK",9483
"Okfuskee,OK",11134
"Oklahoma,OK",802559
"Okmulgee,OK",36990
"Osage,OK",45839
"Ottawa,OK",30338
"Pawnee,OK",15757
"Payne,OK",82794
"Pittsburg,OK",43613
"Pontotoc,OK",38141
"Pottawatomie,OK",73533
"Pushmataha,OK",10769
"Roger Mills,OK",3320
"Rogers,OK",98836
"Seminole,OK",23351
"Sequoyah,OK",39667
"Stephens,OK",43710
"Texas,OK",20495
"Tillman,OK",6977
"Tulsa,OK",677358
"Wagoner,OK",86644
"Washington,OK",53242
"Washita,OK",10732
"Woods,OK",8587
"Woodward,OK",19990
"Baker,OR",16938
"Benton,OR",97630
"Clackamas,OR",423177
"Clatsop,OR",41695
"Columbia,OR",53588
"Coos,OR",64990
"Crook,OR",26375
"Curry,OR",23598
"Deschutes,OR",206549
"Douglas,OR",112297
"Gilliam,OR",2018
"Grant,OR",7218
"Harney,OR",7515
"Hood River,OR",24048
"Jackson,OR",221644
"Jefferson,OR",25330
"Josephine,OR",87730
"Klamath,OR",70212
"Lake,OR",8385
"Lane,OR",382353
"Lincoln,OR",50813
"Linn,OR",130467
"Malheur,OR",31879
"Marion,OR",346703
"Morrow,OR",12300
"Multnomah,OR",795083
"Polk,OR",89614
"Sherman,OR",1955
"Tillamook,OR",27574
"Umatilla,OR",80215
"Union,OR",26177
"Wallowa,OR",7659
"Wasco,OR",26561
"Washington,OR",600176
"Wheeler,OR",1445
"Yamhill,OR",108226
"Adams,PA",106027
"Allegheny,PA",1233253
"Armstrong,PA",64747
"Beaver,PA",165677
"Bedford,PA",47418
"Berks,PA",430449
"Blair,PA",121032
"Bradford,PA",59866
"Bucks,PA",645054
"Butler,PA",197300
"Cambria,PA",131441
"Cameron,PA",4418
"Carbon,PA",65460
"Centre,PA",158425
"Chester,PA",545823
"Clarion,PA",37346
"Clearfield,PA",77904
"Clinton,PA",37931
"Columbia,PA",64926
"Crawford,PA",82670
"Cumberland,PA",268579
"Dauphin,PA",288800
"Delaware,PA",575182
"Elk,PA",30477
"Erie,PA",267689
"Fayette,PA",125755
"Forest,PA",6626
"Franklin,PA",156902
"Fulton,PA",14533
"Greene,PA",34663
"Huntingdon,PA",43281
"Indiana,PA",82957
"Jefferson,PA",43794
"Juniata,PA",23339
"Lackawanna,PA",215615
"Lancaster,PA",556629
"Lawrence,PA",84849
"Lebanon,PA",144011
"Lehigh,PA",376317
"Luzerne,PA",326369
"Lycoming,PA",113104
"McKean,PA",39866
"Mercer,PA",109220
"Mifflin,PA",45988
"Monroe,PA",167198
"Montgomery,PA",864683
"Montour,PA",18091
"Northampton,PA",318526
"Northumberland,PA",90133
"Perry,PA",46114
"Philadelphia,PA",1567258
"Pike,PA",60558
"Potter,PA",16220
"Schuylkill,PA",143104
"Snyder,PA",39652
"Somerset,PA",72710
"Sullivan,PA",5855
"Susquehanna,PA",38074
"Tioga,PA",41106
"Union,PA",42744
"Venango,PA",49777
"Warren,PA",37808
"Washington,PA",210383
"Wayne,PA",51173
"Westmoreland,PA",352057
"Wyoming,PA",26014
"York,PA",461058
"Bristol,RI",50360
"Kent,RI",171275
"Newport,RI",84481
"Providence,RI",657288
"Washington,RI",130330
"Abbeville,SC",24356
"Aiken,SC",174150
"Allendale,SC",7579
"Anderson,SC",209581
"Bamberg,SC",12908
"Barnwell,SC",20414
"Beaufort,SC",196371
"Berkeley,SC",245117
"Calhoun,SC",14179
"Charleston,SC",419279
"Cherokee,SC",56121
"Chester,SC",31931
"Chesterfield,SC",43683
"Clarendon,SC",30913
"Colleton,SC",38599
"Darlington,SC",62398
"Dillon,SC",27738
"Dorchester,SC",166133
"Edgefield,SC",26932
"Fairfield,SC",20455
"Florence,SC",136721
"Georgetown,SC",64722
"Greenville,SC",547950
"Greenwood,SC",69267
"Hampton,SC",18113
"Horry,SC",383101
"Jasper,SC",32039
"Kershaw,SC",67751
"Lancaster,SC",104577
"Laurens,SC",67965
"Lee,SC",16153
"Lexington,SC",304797
"McCormick,SC",9764
"Marion,SC",28450
"Marlboro,SC",26039
"Newberry,SC",38247
"Oconee,SC",80180
"Orangeburg,SC",83094
"Pickens,SC",133462
"Richland,SC",421566
"Saluda,SC",18938
"Spartanburg,SC",345831
"Sumter,SC",104012
"Union,SC",26752
"Williamsburg,SC",30058
"York,SC",294248
"Aurora,SD",2755
"Beadle,SD",19376
"Bennett,SD",3336
"Bon Homme,SD",7062
"Brookings,SD",35484
"Brown,SD",37972
"Brule,SD",5321
"Buffalo,SD",1861
"Butte,SD",10774
"Campbell,SD",1349
"Charles Mix,SD",9213
"Clark,SD",3912
"Clay,SD",15280
"Codington,SD",28721
"Corson,SD",3826
"Custer,SD",9006
"Davison,SD",19973
"Day,SD",5479
"Deuel,SD",4352
"Dewey,SD",5140
"Douglas,SD",2776
"Edmunds,SD",4065
"Fall River,SD",7370
"Faulk,SD",2126
"Grant,SD",7463
"Gregory,SD",3962
"Haakon,SD",1826
"Hamlin,SD",6352
"Hand,SD",3140
"Hanson,SD",3461
"Harding,SD",1330
"Hughes,SD",17692
"Hutchinson,SD",7368
"Hyde,SD",1184
"Jackson,SD",2821
"Jerauld,SD",1650
"Jones,SD",884
"Kingsbury,SD",5294
"Lake,SD",10972
"Lawrence,SD",27214
"Lincoln,SD",70987
"Lyman,SD",3692
"McCook,SD",5778
"McPherson,SD",2395
"Marshall,SD",4374
"Meade,SD",30698
"Mellette,SD",1892
"Miner,SD",2304
"Minnehaha,SD",203971
"Moody,SD",6349
"Oglala Lakota,SD",13519
"Pennington,SD",114461
"Perkins,SD",2804
"Potter,SD",2438
"Roberts,SD",10163
"Sanborn,SD",2415
"Spink,SD",6235
"Stanley,SD",2999
"Sully,SD",1471
"Todd,SD",9220
"Tripp,SD",5565
"Turner,SD",8856
"Union,SD",17063
"Walworth,SD",5265
"Yankton,SD",23373
"Ziebach,SD",2395
"Anderson,TN",78913
"Bedford,TN",51950
"Benton,TN",16002
"Bledsoe,TN",14798
"Blount,TN",139958
"Bradley,TN",110616
"Campbell,TN",39584
"Cannon,TN",14788
"Carroll,TN",28458
"Carter,TN",56410
"Cheatham,TN",41830
"Chester,TN",17609
"Claiborne,TN",32431
"Clay,TN",7620
"Cocke,TN",36879
"Coffee,TN",59728
"Crockett,TN",13888
"Cumberland,TN",63522
"Davidson,TN",708144
"Decatur,TN",11564
"DeKalb,TN",21003
"Dickson,TN",55761
"Dyer,TN",36410
"Fayette,TN",43630
"Fentress,TN",19332
"Franklin,TN",43942
"Gibson,TN",50837
"Giles,TN",30554
"Grainger,TN",24277
"Greene,TN",71405
"Grundy,TN",13783
"Hamblen,TN",65168
"Hamilton,TN",374682
"Hancock,TN",6845
"Hardeman,TN",25529
"Hardin,TN",27077
"Hawkins,TN",58043
"Haywood,TN",17550
"Henderson,TN",27929
"Henry,TN",32379
"Hickman,TN",25455
"Houston,TN",8219
"Humphreys,TN",19106
"Jackson,TN",11989
"Jefferson,TN",56727
"Johnson,TN",18086
"Knox,TN",494574
"Lake,TN",6507
"Lauderdale,TN",24793
"Lawrence,TN",45415
"Lewis,TN",12957
"Lincoln,TN",36004
"Loudon,TN",58181
"McMinn,TN",54719
"McNairy,TN",25988
"Macon,TN",26229
"Madison,TN",99245
"Marion,TN",29094
"Marshall,TN",35878
"Maury,TN",108159
"Meigs,TN",13272
"Monroe,TN",47740
"Montgomery,TN",235201
"Moore,TN",6742
"Morgan,TN",21224
"Obion,TN",30394
"Overton,TN",23044
"Perry,TN",8685
"Pickett,TN",5107
"Polk,TN",17863
"Putnam,TN",82382
"Rhea,TN",33730
"Roane,TN",55082
"Robertson,TN",75470
"Rutherford,TN",360619
"Scott,TN",22035
"Sequatchie,TN",16909
"Sevier,TN",98789
"Shelby,TN",916371
"Smith,TN",20489
"Stewart,TN",14035
"Sullivan,TN",160820
"Sumner,TN",203858
"Tipton,TN",61656
"Trousdale,TN",12111
"Unicoi,TN",17674
"Union,TN",20452
"Van Buren,TN",6429
"Warren,TN",42026
"Washington,TN",136172
"Wayne,TN",16308
"Weakley,TN",33063
"White,TN",28064
"Williamson,TN",260815
"Wilson,TN",158555
"Anderson,TX",58064
"Andrews,TX",18334
"Angelina,TX",87101
"Aransas,TX",24944
"Archer,TX",8835
"Armstrong,TX",1850
"Atascosa,TX",50864
"Austin,TX",31097
"Bailey,TX",6779
"Bandera,TX",22115
"Bastrop,TX",106188
"Baylor,TX",3466
"Bee,TX",30394
"Bell,TX",388386
"Bexar,TX",2059530
"Blanco,TX",12418
"Borden,TX",585
"Bosque,TX",18697
"Bowie,TX",92035
"Brazoria,TX",388181
"Brazos,TX",242014
"Brewster,TX",9343
"Briscoe,TX",1431
"Brooks,TX",6906
"Brown,TX",38373
"Burleson,TX",18657
"Burnet,TX",52502
"Caldwell,TX",47848
"Calhoun,TX",19706
"Callahan,TX",14210
"Cameron,TX",425208
"Camp,TX",12716
"Carson,TX",5784
"Cass,TX",28539
"Castro,TX",7298
"Chambers,TX",51288
"Cherokee,TX",51645
"Childress,TX",6809
"Clay,TX",10486
"Cochran,TX",2526
"Coke,TX",3333
"Coleman,TX",7850
"Collin,TX",1158696
"Collingsworth,TX",2568
"Colorado,TX",20754
"Comal,TX",184642
"Comanche,TX",13878
"Concho,TX",3340
"Cooke,TX",43050
"Coryell,TX",85057
"Cottle,TX",1307
"Crane,TX",4546
"Crockett,TX",2943
"Crosby,TX",4998
"Culberson,TX",2155
"Dallam,TX",7241
"Dallas,TX",2600840
"Dawson,TX",12130
"Deaf Smith,TX",18377
"Delta,TX",5406
"Denton,TX",977281
"DeWitt,TX",19772
"Dickens,TX",1726
"Dimmit,TX",8387
"Donley,TX",3339
"Duval,TX",9888
"Eastland,TX",17944
"Ector,TX",160869
"Edwards,TX",1422
"Ellis,TX",212182
"El Paso,TX",868763
"Erath,TX",43895
"Falls,TX",17049
"Fannin,TX",37125
"Fayette,TX",24913
"Fisher,TX",3622
"Floyd,TX",5235
"Foard,TX",1057
"Fort Bend,TX",889146
"Franklin,TX",10618
"Freestone,TX",19950
"Frio,TX",17815
"Gaines,TX",22181
"Galveston,TX",357117
"Garza,TX",6262
"Gillespie,TX",27477
"Glasscock,TX",1164
"Goliad,TX",7131
"Gonzales,TX",19832
"Gray,TX",21015
"Grayson,TX",143131
"Gregg,TX",125443
"Grimes,TX",30754
"Guadalupe,TX",182760
"Hale,TX",31827
"Hall,TX",2810
"Hamilton,TX",8298
"Hansford,TX",5151
"Hardeman,TX",3516
"Hardin,TX",57811
"Harris,TX",4780913
"Harrison,TX",69955
"Hartley,TX",5208
"Haskell,TX",5403
"Hays,TX",269225
"Hemphill,TX",3217
"Henderson,TX",84511
"Hidalgo,TX",888367
"Hill,TX",37329
"Hockley,TX",21161
"Hood,TX",66373
"Hopkins,TX",37804
"Houston,TX",21950
"Howard,TX",33672
"Hudspeth,TX",3432
"Hunt,TX",108282
"Hutchinson,TX",20215
"Irion,TX",1530
"Jack,TX",8922
"Jackson,TX",15142
"Jasper,TX",32484
"Jeff Davis,TX",1903
"Jefferson,TX",250830
"Jim Hogg,TX",4763
"Jim Wells,TX",38826
"Johnson,TX",195506
"Jones,TX",19935
"Karnes,TX",14836
"Kaufman,TX",172366
"Kendall,TX",48973
"Kenedy,TX",358
"Kent,TX",740
"Kerr,TX",53741
"Kimble,TX",4422
"King,TX",233
"Kinney,TX",3128
"Kleberg,TX",30362
"Knox,TX",3273
"Lamar,TX",50484
"Lamb,TX",12724
"Lampasas,TX",22785
"La Salle,TX",6604
"Lavaca,TX",20589
"Lee,TX",17954
"Leon,TX",16209
"Liberty,TX",101992
"Limestone,TX",22253
"Lipscomb,TX",2854
"Live Oak,TX",11428
"Llano,TX",22540
"Loving,TX",51
"Lubbock,TX",317561
"Lynn,TX",5724
"McCulloch,TX",7497
"McLennan,TX",266836
"McMullen,TX",576
"Madison,TX",13661
"Marion,TX",9560
"Martin,TX",5217
"Mason,TX",3982
"Matagorda,TX",36125
"Maverick,TX",57843
"Medina,TX",53723
"Menard,TX",1968
"Midland,TX",171999
"Milam,TX",25628
"Mills,TX",4500
"Mitchell,TX",8943
"Montague,TX",21063
"Montgomery,TX",678490
"Moore,TX",20996
"Morris,TX",12083
"Motley,TX",1032
"Nacogdoches,TX",64862
"Navarro,TX",54636
"Newton,TX",12052
"Nolan,TX",14473
"Nueces,TX",351674
"Ochiltree,TX",9606
"Oldham,TX",1752
"Orange,TX",84934
"Palo Pinto,TX",29239
"Panola,TX",22677
"Parker,TX",165834
"Parmer,TX",9620
"Pecos,TX",14735
"Polk,TX",53255
"Potter,TX",115645
"Presidio,TX",5939
"Rains,TX",12823
"Randall,TX",146140
"Reagan,TX",3135
"Real,TX",2840
"Red River,TX",11542
"Reeves,TX",12905
"Refugio,TX",6632
"Roberts,TX",803
"Robertson,TX",17153
"Rockwall,TX",123208
"Runnels,TX",9859
"Rusk,TX",53333
"Sabine,TX",10048
"San Augustine,TX",7857
"San Jacinto,TX",28348
"San Patricio,TX",69954
"San Saba,TX",5824
"Schleicher,TX",2357
"Scurry,TX",16686
"Shackelford,TX",3186
"Shelby,TX",24008
"Sherman,TX",2799
"Smith,TX",241922
"Somervell,TX",9757
"Starr,TX",65728
"Stephens,TX",9390
"Sterling,TX",1417
"Stonewall,TX",1182
"Sutton,TX",3217
"Swisher,TX",6881
"Tarrant,TX",2154595
"Taylor,TX",145163
"Terrell,TX",693
"Terry,TX",11567
"Throckmorton,TX",1550
"Titus,TX",31208
"Tom Green,TX",118892
"Travis,TX",1326436
"Trinity,TX",13996
"Tyler,TX",20030
"Upshur,TX",42488
"Upton,TX",3152
"Uvalde,TX",24940
"Val Verde,TX",47606
"Van Zandt,TX",62859
"Victoria,TX",91065
"Walker,TX",78870
"Waller,TX",61894
"Ward,TX",10964
"Washington,TX",36159
"Webb,TX",267780
"Wharton,TX",41824
"Wheeler,TX",4807
"Wichita,TX",129978
"Wilbarger,TX",12491
"Willacy,TX",20143
"Williamson,TX",671418
"Wilson,TX",52735
"Winkler,TX",7306
"Wise,TX",74895
"Wood,TX",46857
"Yoakum,TX",7451
"Young,TX",17962
"Zapata,TX",13849
"Zavala,TX",9377
"Beaver,UT",7327
"Box Elder,UT",61498
"Cache,UT",140173
"Carbon,UT",20571
"Daggett,UT",1014
"Davis,UT",369948
"Duchesne,UT",20161
"Emery,UT",10099
"Garfield,UT",5281
"Grand,UT",9769
"Iron,UT",62429
"Juab,UT",12567
"Kane,UT",8227
"Millard,UT",13330
"Morgan,UT",12832
"Piute,UT",1487
"Rich,UT",2628
"Salt Lake,UT",1186257
"San Juan,UT",14359
"Sanpete,UT",29724
"Sevier,UT",22069
"Summit,UT",43036
"Tooele,UT",79934
"Uintah,UT",37141
"Utah,UT",702434
"Wasatch,UT",36619
"Washington,UT",197680
"Wayne,UT",2645
"Weber,UT",269561
"Addison,VT",37578
"Bennington,VT",37392
"Caledonia,VT",30579
"Chittenden,VT",169301
"Essex,VT",5994
"Franklin,VT",50731
"Grand Isle,VT",7489
"Lamoille,VT",26090
"Orange,VT",29846
"Orleans,VT",27666
"Rutland,VT",60366
"Washington,VT",60048
"Windham,VT",45842
"Windsor,VT",58142
"Accomack,VA",33191
"Albemarle,VA",114534
"Alleghany,VA",14835
"Amelia,VA",13455
"Amherst,VA",31589
"Appomattox,VA",16748
"Arlington,VA",234000
"Augusta,VA",78064
"Bath,VA",4049
"Bedford,VA",80848
"Bland,VA",6148
"Botetourt,VA",34135
"Brunswick,VA",15921
"Buchanan,VA",19352
"Buckingham,VA",16982
"Campbell,VA",55141
"Caroline,VA",31957
"Carroll,VA",29147
"Charles City,VA",6605
"Charlotte,VA",11475
"Chesterfield,VA",378408
"Clarke,VA",15266
"Craig,VA",4847
"Culpeper,VA",54381
"Cumberland,VA",9746
"Dickenson,VA",13725
"Dinwiddie,VA",28161
"Essex,VA",10630
"Fairfax,VA",1138331
"Fauquier,VA",74664
"Floyd,VA",15619
"Fluvanna,VA",28159
"Franklin,VA",55074
"Frederick,VA",95051
"Giles,VA",16453
"Gloucester,VA",39493
"Goochland,VA",26109
"Grayson,VA",15343
"Greene,VA",21107
"Greensville,VA",11226
"Halifax,VA",33644
"Hanover,VA",112938
"Henrico,VA",333962
"Henry,VA",49906
"Highland,VA",2301
"Isle of Wight,VA",40151
"James City,VA",81199
"King and Queen,VA",6718
"King George,VA",27856
"King William,VA",18492
"Lancaster,VA",10750
"Lee,VA",21982
"Loudoun,VA",432085
"Louisa,VA",40116
"Lunenburg,VA",12031
"Madison,VA",14000
"Mathews,VA",8490
"Mecklenburg,VA",30508
"Middlesex,VA",10943
"Montgomery,VA",98915
"Nelson,VA",14652
"New Kent,VA",24986
"Northampton,VA",11900
"Northumberland,VA",12302
"Nottoway,VA",15559
"Orange,VA",37991
"Page,VA",23750
"Patrick,VA",17643
"Pittsylvania,VA",59952
"Powhatan,VA",31489
"Prince Edward,VA",21927
"Prince George,VA",43134
"Prince William,VA",486943
"Pulaski,VA",33706
"Rappahannock,VA",7502
"Richmond,VA",9080
"Roanoke,VA",96914
"Rockbridge,VA",22593
"Rockingham,VA",85397
"Russell,VA",25448
"Scott,VA",21476
"Shenandoah,VA",44968
"Smyth,VA",29449
"Southampton,VA",17932
"Spotsylvania,VA",146688
"Stafford,VA",163380
"Surry,VA",6527
"Sussex,VA",10680
"Tazewell,VA",39821
"Warren,VA",41440
"Washington,VA",53958
"Westmoreland,VA",18712
"Wise,VA",35421
"Wythe,VA",28111
"York,VA",71341
"Alexandria city,VA",155525
"Bristol city,VA",16975
"Buena Vista city,VA",6591
"Charlottesville city,VA",45373
"Chesapeake city,VA",252488
"Colonial Heights city,VA",18294
"Covington city,VA",5679
"Danville city,VA",42229
"Emporia city,VA",5481
"Fairfax city,VA",24835
"Falls Church city,VA",14586
"Franklin city,VA",8247
"Fredericksburg city,VA",28757
"Galax city,VA",6730
"Hampton city,VA",138037
"Harrisonburg city,VA",51158
"Hopewell city,VA",22962
"Lexington city,VA",7457
"Lynchburg city,VA",79287
"Manassas city,VA",42642
"Manassas Park city,VA",16703
"Martinsville city,VA",13725
"Newport News city,VA",184306
"Norfolk city,VA",232995
"Norton city,VA",3609
"Petersburg city,VA",33394
"Poquoson city,VA",12582
"Portsmouth city,VA",97029
"Radford city,VA",16738
"Richmond city,VA",229395
"Roanoke city,VA",97847
"Salem city,VA",25523
"Staunton city,VA",25904
"Suffolk city,VA",98537
"Virginia Beach city,VA",455618
"Waynesboro city,VA",22808
"Williamsburg city,VA",15909
"Winchester city,VA",27936
"Adams,WA",20961
"Asotin,WA",22508
"Benton,WA",212791
"Chelan,WA",79926
"Clallam,WA",77805
"Clark,WA",516779
"Columbia,WA",4026
"Cowlitz,WA",111956
"Douglas,WA",44192
"Ferry,WA",7448
"Franklin,WA",98678
"Garfield,WA",2363
"Grant,WA",101311
"Grays Harbor,WA",77038
"Island,WA",86625
"Jefferson,WA",33589
"King,WA",2266789
"Kitsap,WA",277673
"Kittitas,WA",45189
"Klickitat,WA",23271
"Lewis,WA",85370
"Lincoln,WA",11601
"Mason,WA",68166
"Okanogan,WA",43127
"Pacific,WA",24113
"Pend Oreille,WA",14179
"Pierce,WA",927380
"San Juan,WA",18662
"Skagit,WA",131179
"Skamania,WA",12460
"Snohomish,WA",840079
"Spokane,WA",549690
"Stevens,WA",48229
"Thurston,WA",298758
"Wahkiakum,WA",4688
"Walla Walla,WA",61890
"Whatcom,WA",230677
"Whitman,WA",47619
"Yakima,WA",257001
"Barbour,WV",15414
"Berkeley,WV",129490
"Boone,WV",20968
"Braxton,WV",12185
"Brooke,WV",21733
"Cabell,WV",92730
"Calhoun,WV",6068
"Clay,WV",7814
"Doddridge,WV",7698
"Fayette,WV",39487
"Gilmer,WV",7325
"Grant,WV",10968
"Greenbrier,WV",32435
"Hampshire,WV",23468
"Hancock,WV",28172
"Hardy,WV",14192
"Harrison,WV",64915
"Jackson,WV",27716
"Jefferson,WV",58979
"Kanawha,WV",175515
"Lewis,WV",16767
"Lincoln,WV",19901
"Logan,WV",31316
"McDowell,WV",17850
"Marion,WV",55952
"Marshall,WV",29752
"Mason,WV",25000
"Mercer,WV",58700
"Mineral,WV",26855
"Mingo,WV",22573
"Monongalia,WV",106869
"Monroe,WV",12296
"Morgan,WV",17430
"Nicholas,WV",24335
"Ohio,WV",41447
"Pendleton,WV",6011
"Pleasants,WV",7586
"Pocahontas,WV",7819
"Preston,WV",34172
"Putnam,WV",57015
"Raleigh,WV",72882
"Randolph,WV",27600
"Ritchie,WV",8207
"Roane,WV",13834
"Summers,WV",11762
"Taylor,WV",16342
"Tucker,WV",6568
"Tyler,WV",8183
"Upshur,WV",23712
"Wayne,WV",37998
"Webster,WV",8167
"Wetzel,WV",14025
"Wirt,WV",5091
"Wood,WV",83340
"Wyoming,WV",20527
"Adams,WI",21226
"Ashland,WI",16039
"Barron,WI",46843
"Bayfield,WI",16608
"Brown,WI",270036
"Buffalo,WI",13391
"Burnett,WI",17036
"Calumet,WI",52718
"Chippewa,WI",66807
"Clark,WI",34691
"Columbia,WI",58193
"Crawford,WI",16007
"Dane,WI",568203
"Dodge,WI",88282
"Door,WI",30526
"Douglas,WI",44144
"Dunn,WI",45651
"Eau Claire,WI",106837
"Florence,WI",4688
"Fond du Lac,WI",103836
"Forest,WI",9381
"Grant,WI",51276
"Green,WI",36816
"Green Lake,WI",19220
"Iowa,WI",23865
"Iron,WI",6224
"Jackson,WI",20836
"Jefferson,WI",85784
"Juneau,WI",26866
"Kenosha,WI",167817
"Kewaunee,WI",20623
"La Crosse,WI",120294
"Lafayette,WI",16877
"Langlade,WI",19559
"Lincoln,WI",28376
"Manitowoc,WI",81172
"Marathon,WI",137958
"Marinette,WI",41988
"Marquette,WI",15779
"Menominee,WI",4197
"Milwaukee,WI",918661
"Monroe,WI",46109
"Oconto,WI",39633
"Oneida,WI",38212
"Outagamie,WI",192127
"Ozaukee,WI",93009
"Pepin,WI",7410
"Pierce,WI",42532
"Polk,WI",45709
"Portage,WI",70718
"Price,WI",14179
"Racine,WI",195846
"Richland,WI",17090
"Rock,WI",164060
"Rusk,WI",14186
"St Croix,WI",96017
"Sauk,WI",65777
"Sawyer,WI",18559
"Shawano,WI",40886
"Sheboygan,WI",117841
"Taylor,WI",19975
"Trempealeau,WI",30899
"Vernon,WI",31060
"Vilas,WI",23763
"Walworth,WI",105380
"Washburn,WI",16911
"Washington,WI",137688
"Waukesha,WI",410434
"Waupaca,WI",51488
"Waushara,WI",24999
"Winnebago,WI",170718
"Wood,WI",73993
"Albany,WY",38031
"Big Horn,WY",11855
"Campbell,WY",47058
"Carbon,WY",14542
"Converse,WY",13786
"Crook,WY",7448
"Fremont,WY",39472
"Goshen,WY",12562
"Hot Springs,WY",4588
"Johnson,WY",8730
"Laramie,WY",100723
"Lincoln,WY",20660
"Natrona,WY",79601
"Niobrara,WY",2380
"Park,WY",30518
"Platte,WY",8645
"Sheridan,WY",32096
"Sublette,WY",8763
"Sweetwater,WY",41345
"Teton,WY",23287
"Uinta,WY",20712
"Washakie,WY",7719
"Weston,WY",6860
